{
  "Author": "TheDarkSid3r, person",
  "Compatibility": "Compatible",
  "DefuserDifficulty": "Easy",
  "Description": "Logan's created his own.. strange.. parodies of some popular songs. Identify the order of the lyrics. Tags: jukebox, parody, parodies, singing, song, LOGAN",
  "ExpertDifficulty": "Easy",
  "ModuleID": "LoganJukebox",
  "Name": "The Logan Parody Jukebox",
  "Origin": "Mods",
  "Published": "2021-03-12",
  "SortKey": "LOGANPARODYJUKEBOX",
  "SteamID": "2421930148",
  "Symbol": "Lpjb",
  "Type": "Regular"
}